usage_bucket,bike_year_count,share_pct
0 min,6,0.00508211856582614
0-30 min,6640,5.624211212847595
30-60 min,6285,5.323519197702883
1-2 h,10802,9.149507458008996
2-4 h,17037,14.430675667663326
4-8 h,22460,19.024063831409187
>8 h,54831,46.442940513802185
